d_loss,g_loss,epoch,batch
1.4616165161132812,0.7976883053779602,0,0
1.4891095161437988,0.7339130640029907,0,10
1.558825969696045,0.5981107354164124,0,20
1.5839219093322754,0.5286160707473755,0,30
1.6626594066619873,0.4796777367591858,0,40
1.6874849796295166,0.43187415599823,0,50
1.7299000024795532,0.37984776496887207,0,60
1.7952046394348145,0.36604565382003784,0,70
1.8467059135437012,0.357532262802124,0,80
1.9034100770950317,0.3507145941257477,0,90
1.8627510070800781,0.3250347077846527,0,100
1.905838966369629,0.30808335542678833,0,110
1.9225962162017822,0.3094661831855774,0,120
1.8925065994262695,0.298086941242218,0,130
1.9202977418899536,0.29759660363197327,0,140
1.947035551071167,0.2853856086730957,0,150
1.974801778793335,0.2917934060096741,0,160
1.9891780614852905,0.285980224609375,0,170
1.9704837799072266,0.28874829411506653,0,180
1.9255015850067139,0.28228265047073364,0,190
1.959735631942749,0.29616373777389526,0,200
1.9567043781280518,0.28924843668937683,0,210
2.000718832015991,0.28966331481933594,0,220
1.9600341320037842,0.2872920036315918,0,230
1.9549753665924072,0.2935018241405487,0,240
1.995025634765625,0.28009307384490967,0,250
1.918609380722046,0.2906796932220459,0,260
1.9536330699920654,0.28697675466537476,0,270
1.9230849742889404,0.2845969796180725,0,280
1.9312655925750732,0.2996823787689209,0,290
1.959237813949585,0.28477904200553894,0,300
1.8963435888290405,0.2758632302284241,0,310
1.9276267290115356,0.2930222749710083,0,320
1.9386253356933594,0.2938278019428253,0,330
1.9067482948303223,0.2930217981338501,0,340
1.8573596477508545,0.2988779544830322,0,350
1.8820903301239014,0.2990657687187195,0,360
1.876664638519287,0.2975006103515625,0,370
1.8669734001159668,0.30563241243362427,0,380
1.9388052225112915,0.3156469464302063,0,390
1.9002784490585327,0.30267637968063354,0,400
1.869473934173584,0.3145805299282074,0,410
1.8430012464523315,0.3125402331352234,0,420
1.9198472499847412,0.3078846335411072,0,430
1.8462238311767578,0.3185509443283081,0,440
1.8714005947113037,0.3356172442436218,0,450
1.9103996753692627,0.32948288321495056,0,460
1.8748931884765625,0.32262659072875977,0,470
1.8532907962799072,0.3150816559791565,0,480
1.856024146080017,0.33716124296188354,0,490
1.8664361238479614,0.33588650822639465,0,500
1.8158527612686157,0.32591038942337036,0,510
1.8642256259918213,0.3328539729118347,0,520
1.8416603803634644,0.3257450461387634,0,530
1.788175106048584,0.34682467579841614,0,540
1.8218474388122559,0.35667842626571655,0,550
1.8369022607803345,0.3416445255279541,0,560
1.8866894245147705,0.33164653182029724,0,570
1.7648075819015503,0.34446942806243896,0,580
1.9056103229522705,0.3572274446487427,0,590
1.8186794519424438,0.3585764765739441,0,600
1.8687543869018555,0.35352808237075806,0,610
1.8572710752487183,0.3408654034137726,0,620
1.964168906211853,0.34359821677207947,0,630
1.8383928537368774,0.35013943910598755,0,640
1.9214296340942383,0.35396817326545715,0,650
1.8524179458618164,0.36629462242126465,0,660
1.8617440462112427,0.34954071044921875,0,670
1.8396360874176025,0.3587796092033386,0,680
1.8920567035675049,0.3565138578414917,0,690
1.7574501037597656,0.3660964369773865,0,700
1.8238000869750977,0.35197702050209045,0,710
1.7962510585784912,0.3541993498802185,0,720
1.8702131509780884,0.3647225499153137,0,730
1.7797789573669434,0.3693910837173462,0,740
1.7731757164001465,0.3714805543422699,0,750
1.7729730606079102,0.36042869091033936,0,760
1.810203194618225,0.3719950020313263,0,770
1.8631627559661865,0.36009538173675537,0,780
1.8172787427902222,0.34716561436653137,0,790
1.8040003776550293,0.3741779923439026,0,800
1.8166179656982422,0.37667790055274963,0,810
1.8105895519256592,0.3677330017089844,0,820
1.7961674928665161,0.3894716799259186,0,830
1.764912724494934,0.36743462085723877,0,840
1.8941102027893066,0.36661359667778015,0,850
1.8258346319198608,0.3724447190761566,0,860
1.8272969722747803,0.3702048659324646,0,870
1.8705412149429321,0.3763372302055359,0,880
1.787590503692627,0.39526432752609253,0,890
1.7528407573699951,0.37455227971076965,0,900
1.861619234085083,0.3768951892852783,0,910
1.7965610027313232,0.3785596489906311,0,920
1.7837717533111572,0.36401045322418213,0,930
1.916550636291504,0.36520037055015564,0,940
1.809020757675171,0.3728632926940918,0,950
1.858837366104126,0.372122585773468,0,960
1.819495439529419,0.36219698190689087,0,970
1.8457653522491455,0.37672391533851624,0,980
1.9282740354537964,0.3858669698238373,0,990
1.8405358791351318,0.3822783827781677,0,1000
1.8412271738052368,0.3839496076107025,0,1010
1.8753925561904907,0.3846074342727661,0,1020
1.9557290077209473,0.39005619287490845,0,1030
1.9177457094192505,0.37936657667160034,0,1040
1.7695794105529785,0.39434853196144104,0,1050
1.7419462203979492,0.378825843334198,0,1060
1.864020824432373,0.39440786838531494,0,1070
1.9437493085861206,0.40085238218307495,0,1080
1.8968263864517212,0.39354339241981506,0,1090
1.8018670082092285,0.3845910429954529,0,1100
1.8963701725006104,0.4008280038833618,0,1110
1.8714449405670166,0.3928438127040863,0,1120
1.9591598510742188,0.38468366861343384,0,1130
1.8769744634628296,0.38845446705818176,0,1140
1.8079664707183838,0.39504489302635193,0,1150
1.824945092201233,0.3890077769756317,0,1160
1.9110326766967773,0.3956388235092163,0,1170
1.803340196609497,0.3735383152961731,0,1180
1.862378478050232,0.37691789865493774,0,1190
1.9190617799758911,0.3792113959789276,0,1200
1.8593271970748901,0.3891655206680298,0,1210
1.9521772861480713,0.38503625988960266,0,1220
1.8539389371871948,0.38496437668800354,0,1230
1.910902500152588,0.40666863322257996,0,1240
1.8930195569992065,0.40702179074287415,0,1250
1.9015241861343384,0.38559573888778687,0,1260
1.8944954872131348,0.39244529604911804,0,1270
1.882986307144165,0.3859824538230896,1,1272
1.9607808589935303,0.395221084356308,1,1282
1.8691749572753906,0.4009445309638977,1,1292
1.8579082489013672,0.40272057056427,1,1302
1.921380877494812,0.3959028124809265,1,1312
1.8901269435882568,0.38887882232666016,1,1322
1.8993290662765503,0.39650267362594604,1,1332
1.8831652402877808,0.4068031907081604,1,1342
1.9262900352478027,0.3964898884296417,1,1352
1.8537476062774658,0.3979218304157257,1,1362
1.9109117984771729,0.4022606611251831,1,1372
1.925014615058899,0.4087184965610504,1,1382
1.9107029438018799,0.41272684931755066,1,1392
1.957737922668457,0.40937086939811707,1,1402
1.882156491279602,0.41439127922058105,1,1412
1.9245084524154663,0.40763047337532043,1,1422
1.860626220703125,0.4088243842124939,1,1432
1.9688377380371094,0.40519869327545166,1,1442
1.8875033855438232,0.41030147671699524,1,1452
1.8611226081848145,0.419091135263443,1,1462
2.0745997428894043,0.4119546711444855,1,1472
1.9150676727294922,0.40677160024642944,1,1482
1.9566965103149414,0.41062015295028687,1,1492
1.8599159717559814,0.4054241478443146,1,1502
1.9701271057128906,0.4088776707649231,1,1512
1.8843772411346436,0.40754395723342896,1,1522
1.905981183052063,0.4036330282688141,1,1532
1.957951545715332,0.4048035442829132,1,1542
1.9614309072494507,0.4155207872390747,1,1552
1.9695851802825928,0.3957124650478363,1,1562
1.8861585855484009,0.4025992155075073,1,1572
1.9767851829528809,0.40100279450416565,1,1582
1.8581891059875488,0.4010116159915924,1,1592
1.847097635269165,0.40988826751708984,1,1602
1.862910270690918,0.4066656529903412,1,1612
1.878901481628418,0.41516900062561035,1,1622
1.7675206661224365,0.40304237604141235,1,1632
1.866835594177246,0.4008902609348297,1,1642
1.982957124710083,0.3941916227340698,1,1652
1.9221687316894531,0.39465034008026123,1,1662
2.006587505340576,0.3977613151073456,1,1672
1.9838656187057495,0.401858925819397,1,1682
1.9794762134552002,0.3958056569099426,1,1692
1.9738620519638062,0.39016324281692505,1,1702
1.874305248260498,0.4051169455051422,1,1712
1.8621245622634888,0.39936360716819763,1,1722
1.780669927597046,0.40637728571891785,1,1732
1.8178119659423828,0.424947053194046,1,1742
2.001443862915039,0.42030495405197144,1,1752
1.8156498670578003,0.4281708598136902,1,1762
1.8045377731323242,0.42218345403671265,1,1772
1.847909688949585,0.4377216100692749,1,1782
1.859755516052246,0.4370565414428711,1,1792
1.8422183990478516,0.4229472577571869,1,1802
1.8493489027023315,0.4338187575340271,1,1812
1.7497801780700684,0.43659207224845886,1,1822
1.9561707973480225,0.44835805892944336,1,1832
1.901293158531189,0.4352426528930664,1,1842
1.7596969604492188,0.430756151676178,1,1852
1.939406156539917,0.41903752088546753,1,1862
1.9992542266845703,0.4235735237598419,1,1872
1.842214822769165,0.41854342818260193,1,1882
1.9161086082458496,0.4155445396900177,1,1892
1.9139049053192139,0.42855608463287354,1,1902
1.94791841506958,0.42381030321121216,1,1912
1.9699171781539917,0.41890403628349304,1,1922
1.9064544439315796,0.421023964881897,1,1932
2.0349419116973877,0.4156152009963989,1,1942
1.9407464265823364,0.4024824798107147,1,1952
1.888812780380249,0.40916916728019714,1,1962
1.9094419479370117,0.40742987394332886,1,1972
1.8371580839157104,0.41767770051956177,1,1982
1.9008102416992188,0.4139278531074524,1,1992
1.8650327920913696,0.4117833971977234,1,2002
1.9919562339782715,0.40956464409828186,1,2012
1.8651034832000732,0.42135101556777954,1,2022
1.919384241104126,0.4192824959754944,1,2032
1.8828998804092407,0.41845500469207764,1,2042
1.8716070652008057,0.41223591566085815,1,2052
1.8184980154037476,0.4364730715751648,1,2062
1.93037748336792,0.4157647490501404,1,2072
1.895342230796814,0.427981436252594,1,2082
1.9662532806396484,0.4280334711074829,1,2092
1.8272277116775513,0.4222438931465149,1,2102
2.0658445358276367,0.42328453063964844,1,2112
1.7336907386779785,0.4361295700073242,1,2122
1.903257966041565,0.42977282404899597,1,2132
1.7685840129852295,0.42572101950645447,1,2142
1.8750942945480347,0.438517689704895,1,2152
2.0156683921813965,0.43057742714881897,1,2162
1.8437362909317017,0.4144206941127777,1,2172
1.856400489807129,0.4226172864437103,1,2182
1.9996564388275146,0.4264424741268158,1,2192
1.9333877563476562,0.4287012815475464,1,2202
1.9591408967971802,0.4250269830226898,1,2212
1.9261949062347412,0.44239139556884766,1,2222
2.032738208770752,0.4479368329048157,1,2232
1.8805677890777588,0.45601189136505127,1,2242
1.9164305925369263,0.44910502433776855,1,2252
1.8286798000335693,0.4623337388038635,1,2262
1.7803982496261597,0.46185529232025146,1,2272
1.9408376216888428,0.4483213424682617,1,2282
1.859106421470642,0.4545375108718872,1,2292
1.7838551998138428,0.4376738667488098,1,2302
1.8547556400299072,0.42967528104782104,1,2312
1.9358696937561035,0.42363354563713074,1,2322
2.0080089569091797,0.4322702884674072,1,2332
1.8514964580535889,0.429634153842926,1,2342
1.986045241355896,0.4231669306755066,1,2352
1.8929171562194824,0.4202878475189209,1,2362
2.047952175140381,0.43244561553001404,1,2372
1.9365310668945312,0.4432278871536255,1,2382
1.9521515369415283,0.4551481008529663,1,2392
1.9356143474578857,0.4413740038871765,1,2402
1.95438551902771,0.4314546287059784,1,2412
1.921790599822998,0.4487450122833252,1,2422
1.886911392211914,0.463982492685318,1,2432
1.9484434127807617,0.4496118724346161,1,2442
1.8210214376449585,0.4597834348678589,1,2452
1.7917256355285645,0.45586299896240234,1,2462
1.9819697141647339,0.4482570290565491,1,2472
1.7983603477478027,0.45924320816993713,1,2482
1.7447408437728882,0.4625442326068878,1,2492
2.0526819229125977,0.4677796959877014,1,2502
2.0179429054260254,0.4715624153614044,1,2512
1.81589937210083,0.4736883044242859,1,2522
1.814792513847351,0.4738982319831848,1,2532
1.976325511932373,0.47480547428131104,1,2542
1.7553976774215698,0.46330526471138,2,2544
1.9395651817321777,0.48462164402008057,2,2554
1.7710132598876953,0.4588017761707306,2,2564
1.8905516862869263,0.47517332434654236,2,2574
1.9488344192504883,0.479263037443161,2,2584
1.864075779914856,0.46838846802711487,2,2594
2.045205593109131,0.4626937806606293,2,2604
1.9089040756225586,0.4591769576072693,2,2614
1.858223557472229,0.4733300805091858,2,2624
1.90281081199646,0.4678591191768646,2,2634
2.0125226974487305,0.466749906539917,2,2644
1.8891018629074097,0.46238359808921814,2,2654
1.89992356300354,0.4660382568836212,2,2664
1.7404725551605225,0.4783583879470825,2,2674
1.7764607667922974,0.48429951071739197,2,2684
1.7600855827331543,0.49231672286987305,2,2694
1.8074004650115967,0.4992435574531555,2,2704
1.813069224357605,0.49583324790000916,2,2714
1.929028034210205,0.5096978545188904,2,2724
1.7925992012023926,0.5135178565979004,2,2734
1.7024924755096436,0.4784550070762634,2,2744
1.7927993535995483,0.4828284978866577,2,2754
1.9484198093414307,0.48260927200317383,2,2764
1.9055116176605225,0.49054986238479614,2,2774
1.8639416694641113,0.47810810804367065,2,2784
1.9317915439605713,0.4629363715648651,2,2794
1.8921335935592651,0.48459774255752563,2,2804
1.824397325515747,0.4816642999649048,2,2814
1.802562952041626,0.48063546419143677,2,2824
1.7422940731048584,0.4806157648563385,2,2834
1.8409907817840576,0.4831388294696808,2,2844
2.0393779277801514,0.4957732558250427,2,2854
1.9131081104278564,0.5065317153930664,2,2864
1.7281136512756348,0.49472224712371826,2,2874
1.8280504941940308,0.4946054220199585,2,2884
1.8583216667175293,0.4764246642589569,2,2894
1.8595556020736694,0.4757673144340515,2,2904
1.9822654724121094,0.47989270091056824,2,2914
1.9428611993789673,0.4768677353858948,2,2924
2.1710410118103027,0.45578038692474365,2,2934
1.8623631000518799,0.4883715510368347,2,2944
1.7773630619049072,0.44697126746177673,2,2954
1.9963085651397705,0.4519767165184021,2,2964
2.119779586791992,0.4483068287372589,2,2974
1.9200140237808228,0.4395641088485718,2,2984
1.8958137035369873,0.4296712279319763,2,2994
1.9777406454086304,0.435842365026474,2,3004
1.9130282402038574,0.4324624240398407,2,3014
2.0181846618652344,0.4355649948120117,2,3024
1.9169986248016357,0.4420401155948639,2,3034
2.0520429611206055,0.42728328704833984,2,3044
2.0342025756835938,0.4251636266708374,2,3054
2.195713520050049,0.43686139583587646,2,3064
1.965745210647583,0.4357978105545044,2,3074
1.9907711744308472,0.4209986925125122,2,3084
1.996887445449829,0.4281674325466156,2,3094
2.082289934158325,0.4319288730621338,2,3104
1.9052977561950684,0.42792800068855286,2,3114
2.006488800048828,0.42645156383514404,2,3124
2.043313503265381,0.42075595259666443,2,3134
1.9989001750946045,0.428345263004303,2,3144
1.9206228256225586,0.4458346366882324,2,3154
2.027090549468994,0.454478919506073,2,3164
1.9047555923461914,0.4551544189453125,2,3174
2.0392165184020996,0.45886731147766113,2,3184
2.039996862411499,0.45056837797164917,2,3194
1.9397518634796143,0.4640893340110779,2,3204
2.1395387649536133,0.46955910325050354,2,3214
1.8807642459869385,0.4653337299823761,2,3224
2.0233988761901855,0.46817460656166077,2,3234
1.9655770063400269,0.4785172939300537,2,3244
1.8472291231155396,0.47854483127593994,2,3254
2.0069222450256348,0.4756903052330017,2,3264
1.8599331378936768,0.4760499596595764,2,3274
1.9536291360855103,0.48856014013290405,2,3284
1.9116216897964478,0.4714810848236084,2,3294
1.8698033094406128,0.4733744263648987,2,3304
2.043984889984131,0.47302019596099854,2,3314
1.9380885362625122,0.46794751286506653,2,3324
2.001163959503174,0.4706469774246216,2,3334
1.9920611381530762,0.4828186333179474,2,3344
1.9747437238693237,0.4838797450065613,2,3354
1.8993704319000244,0.47026336193084717,2,3364
1.8591034412384033,0.46880850195884705,2,3374
2.010730028152466,0.4527372121810913,2,3384
1.9473509788513184,0.46075013279914856,2,3394
1.9303641319274902,0.4543611407279968,2,3404
2.0638084411621094,0.44609975814819336,2,3414
1.9217979907989502,0.4587983787059784,2,3424
1.9846410751342773,0.4869579076766968,2,3434
1.8675493001937866,0.4655124545097351,2,3444
2.006214141845703,0.47779300808906555,2,3454
1.9617812633514404,0.48541802167892456,2,3464
1.9504187107086182,0.48377561569213867,2,3474
1.9372024536132812,0.46872273087501526,2,3484
2.1365296840667725,0.4664187729358673,2,3494
2.1654322147369385,0.4534326195716858,2,3504
2.046504020690918,0.46507370471954346,2,3514
2.1358797550201416,0.4788394570350647,2,3524
1.863266944885254,0.4545500576496124,2,3534
1.9634528160095215,0.48580408096313477,2,3544
1.9761160612106323,0.49084562063217163,2,3554
1.8977179527282715,0.4901755452156067,2,3564
1.8278698921203613,0.4891035258769989,2,3574
1.8980636596679688,0.5318304300308228,2,3584
1.8382221460342407,0.5138341188430786,2,3594
1.9337079524993896,0.5170093774795532,2,3604
1.7542595863342285,0.5152655839920044,2,3614
1.9969370365142822,0.49013224244117737,2,3624
1.7579357624053955,0.4858739972114563,2,3634
1.8975675106048584,0.4913072884082794,2,3644
1.9399943351745605,0.48845174908638,2,3654
2.057004690170288,0.4634302854537964,2,3664
1.9320213794708252,0.47228312492370605,2,3674
1.9478979110717773,0.46581920981407166,2,3684
1.8720526695251465,0.4793986976146698,2,3694
2.060040235519409,0.4392300844192505,2,3704
2.0238795280456543,0.4435824751853943,2,3714
1.9597294330596924,0.4591914415359497,2,3724
1.9424059391021729,0.4321569502353668,2,3734
1.9961683750152588,0.43623459339141846,2,3744
2.1221280097961426,0.43029746413230896,2,3754
1.993492841720581,0.4364028573036194,2,3764
2.229219436645508,0.4388056993484497,2,3774
1.9598557949066162,0.43713390827178955,2,3784
2.155923843383789,0.43885233998298645,2,3794
1.9051759243011475,0.4422408640384674,2,3804
2.0753791332244873,0.4740695655345917,2,3814
1.9703407287597656,0.45787376165390015,3,3816
2.1153078079223633,0.44637325406074524,3,3826
1.9562811851501465,0.4575977623462677,3,3836
1.9506431818008423,0.47466400265693665,3,3846
2.045478105545044,0.4699813723564148,3,3856
2.0122976303100586,0.48849332332611084,3,3866
1.9461853504180908,0.4624617099761963,3,3876
1.8639767169952393,0.4698895514011383,3,3886
1.9561760425567627,0.4706151485443115,3,3896
1.9051374197006226,0.46387189626693726,3,3906
2.0655887126922607,0.441966712474823,3,3916
2.018353223800659,0.4537361264228821,3,3926
2.0302131175994873,0.46283864974975586,3,3936
2.0704212188720703,0.47971290349960327,3,3946
2.216702938079834,0.44828423857688904,3,3956
1.897669792175293,0.4676428735256195,3,3966
2.071957588195801,0.4709640145301819,3,3976
1.9766998291015625,0.48122915625572205,3,3986
2.0062599182128906,0.4629715383052826,3,3996
2.0341320037841797,0.4683142304420471,3,4006
1.9964442253112793,0.46757686138153076,3,4016
1.9765115976333618,0.4728766679763794,3,4026
1.9626710414886475,0.4578055739402771,3,4036
2.2300267219543457,0.45872989296913147,3,4046
2.017436981201172,0.4816496968269348,3,4056
2.088805913925171,0.45109105110168457,3,4066
1.9792404174804688,0.4672943353652954,3,4076
2.089277982711792,0.44561469554901123,3,4086
2.0804343223571777,0.4401160478591919,3,4096
2.061781644821167,0.46033763885498047,3,4106
2.0252010822296143,0.46604400873184204,3,4116
1.9287482500076294,0.458003431558609,3,4126
1.9755887985229492,0.46723395586013794,3,4136
1.8224996328353882,0.46946945786476135,3,4146
1.9884545803070068,0.47659969329833984,3,4156
2.1675195693969727,0.483696848154068,3,4166
1.8187259435653687,0.4645680785179138,3,4176
2.126497745513916,0.4828866720199585,3,4186
2.031740665435791,0.46750253438949585,3,4196
1.9635450839996338,0.48555970191955566,3,4206
1.8622260093688965,0.493439644575119,3,4216
1.8892474174499512,0.4906076192855835,3,4226
2.11181640625,0.50491863489151,3,4236
1.8720502853393555,0.5016844272613525,3,4246
2.0722012519836426,0.4846225082874298,3,4256
1.944140911102295,0.473386287689209,3,4266
1.891596794128418,0.4832216203212738,3,4276
1.9739617109298706,0.45315444469451904,3,4286
2.019061803817749,0.4678061306476593,3,4296
2.0634584426879883,0.4748872220516205,3,4306
1.9057514667510986,0.45432424545288086,3,4316
1.9883493185043335,0.46119505167007446,3,4326
2.364798069000244,0.46272844076156616,3,4336
2.0330677032470703,0.47172582149505615,3,4346
1.9832665920257568,0.44636082649230957,3,4356
2.198251485824585,0.4451964199542999,3,4366
2.041778087615967,0.4503636360168457,3,4376
2.1060168743133545,0.4776560366153717,3,4386
2.009427547454834,0.45275190472602844,3,4396
2.0865750312805176,0.48225539922714233,3,4406
2.0882251262664795,0.46898072957992554,3,4416
2.1670379638671875,0.4496539235115051,3,4426
2.1726913452148438,0.46270591020584106,3,4436
2.0845937728881836,0.4793512225151062,3,4446
2.2501869201660156,0.4686005711555481,3,4456
1.986983060836792,0.45346924662590027,3,4466
1.9325144290924072,0.44677501916885376,3,4476
2.0220792293548584,0.4583073556423187,3,4486
2.0650265216827393,0.4815857410430908,3,4496
2.09158992767334,0.46817582845687866,3,4506
2.163257122039795,0.47115370631217957,3,4516
2.0510430335998535,0.49365323781967163,3,4526
2.060791492462158,0.4575342535972595,3,4536
2.116159439086914,0.457444965839386,3,4546
2.0205237865448,0.46640825271606445,3,4556
2.2479615211486816,0.5061677098274231,3,4566
2.060642719268799,0.5001257658004761,3,4576
1.8711473941802979,0.47592222690582275,3,4586
2.092932939529419,0.492226243019104,3,4596
2.0964722633361816,0.48811954259872437,3,4606
2.068047523498535,0.47469085454940796,3,4616
1.8880541324615479,0.5231660008430481,3,4626
2.021275520324707,0.4975821375846863,3,4636
2.055314540863037,0.49316078424453735,3,4646
1.9219441413879395,0.5121324062347412,3,4656
1.9988118410110474,0.5019000172615051,3,4666
2.049535036087036,0.5066354274749756,3,4676
1.854335069656372,0.48089563846588135,3,4686
1.8881447315216064,0.5119056105613708,3,4696
2.3311655521392822,0.4973489046096802,3,4706
2.1241719722747803,0.49374881386756897,3,4716
2.0222458839416504,0.49702730774879456,3,4726
2.3068854808807373,0.47861137986183167,3,4736
1.9636180400848389,0.47429442405700684,3,4746
1.9540964365005493,0.5059900283813477,3,4756
2.1192314624786377,0.46590715646743774,3,4766
1.959001898765564,0.4888771176338196,3,4776
2.0763437747955322,0.4735507369041443,3,4786
2.1477279663085938,0.48366692662239075,3,4796
2.1962060928344727,0.502490758895874,3,4806
1.9268951416015625,0.4827421307563782,3,4816
1.9937275648117065,0.47154366970062256,3,4826
2.1841964721679688,0.5152794718742371,3,4836
2.1643314361572266,0.49888312816619873,3,4846
2.0140724182128906,0.4694952070713043,3,4856
2.064729928970337,0.4774738550186157,3,4866
2.1547505855560303,0.48527950048446655,3,4876
2.063739061355591,0.4725615382194519,3,4886
1.9703537225723267,0.4491826891899109,3,4896
2.130488395690918,0.5030726194381714,3,4906
2.039882183074951,0.47494328022003174,3,4916
2.093975305557251,0.4802386164665222,3,4926
1.9419732093811035,0.47247782349586487,3,4936
2.1453280448913574,0.45536667108535767,3,4946
2.194673538208008,0.4741373360157013,3,4956
2.0996532440185547,0.45177537202835083,3,4966
2.0520148277282715,0.44666361808776855,3,4976
2.0938234329223633,0.4443051218986511,3,4986
2.3434062004089355,0.43271583318710327,3,4996
2.0704801082611084,0.4427638649940491,3,5006
2.1047451496124268,0.4577924311161041,3,5016
1.9763089418411255,0.44084441661834717,3,5026
2.162559986114502,0.4692922830581665,3,5036
2.273088216781616,0.47663813829421997,3,5046
2.1291327476501465,0.47232478857040405,3,5056
2.131330966949463,0.455735445022583,3,5066
2.211730480194092,0.4932515025138855,3,5076
1.997892141342163,0.4724006652832031,3,5086
2.201707363128662,0.4614381790161133,4,5088
2.1077663898468018,0.5076831579208374,4,5098
1.9014697074890137,0.4989331066608429,4,5108
2.0135397911071777,0.47928452491760254,4,5118
2.15075945854187,0.5070693492889404,4,5128
2.072373867034912,0.483537882566452,4,5138
2.1194162368774414,0.48867887258529663,4,5148
2.109935760498047,0.4904813766479492,4,5158
2.197633981704712,0.48730581998825073,4,5168
2.1638383865356445,0.5032187700271606,4,5178
2.0266551971435547,0.4916224181652069,4,5188
2.0617198944091797,0.4987088143825531,4,5198
2.019719123840332,0.4880586266517639,4,5208
2.1782679557800293,0.5132579207420349,4,5218
2.0716631412506104,0.49184301495552063,4,5228
2.2790110111236572,0.5118013620376587,4,5238
2.192206621170044,0.5098694562911987,4,5248
2.0704445838928223,0.49857181310653687,4,5258
1.9934980869293213,0.49040186405181885,4,5268
2.098271608352661,0.5004388093948364,4,5278
2.009213447570801,0.4810662865638733,4,5288
2.1785085201263428,0.47261738777160645,4,5298
1.9938318729400635,0.47841256856918335,4,5308
2.040696144104004,0.5209847688674927,4,5318
2.238830327987671,0.5280753970146179,4,5328
2.0417022705078125,0.530898928642273,4,5338
2.0718092918395996,0.5259552597999573,4,5348
1.9862679243087769,0.47313377261161804,4,5358
1.970735788345337,0.4886772036552429,4,5368
2.1344540119171143,0.5056887865066528,4,5378
2.10927152633667,0.49569612741470337,4,5388
2.0869293212890625,0.48854494094848633,4,5398
2.037832021713257,0.5108157396316528,4,5408
2.088071584701538,0.4866116940975189,4,5418
2.15669584274292,0.533063530921936,4,5428
2.0793495178222656,0.5187765955924988,4,5438
1.945389986038208,0.510692834854126,4,5448
2.152083396911621,0.49802955985069275,4,5458
1.8187127113342285,0.49716541171073914,4,5468
2.0965378284454346,0.4875178933143616,4,5478
2.2082862854003906,0.5134451389312744,4,5488
2.018320083618164,0.49947991967201233,4,5498
1.9788964986801147,0.4841957092285156,4,5508
2.0912699699401855,0.5009332895278931,4,5518
2.0408427715301514,0.491290420293808,4,5528
2.0999531745910645,0.468002587556839,4,5538
1.9719650745391846,0.5086601972579956,4,5548
1.9691252708435059,0.48761430382728577,4,5558
2.0540876388549805,0.5019509792327881,4,5568
1.897900104522705,0.4708322584629059,4,5578
2.0507097244262695,0.49593645334243774,4,5588
2.117680549621582,0.5025076866149902,4,5598
2.047274351119995,0.5370614528656006,4,5608
2.019984006881714,0.51030433177948,4,5618
2.222594976425171,0.4777044951915741,4,5628
1.9366852045059204,0.4879711866378784,4,5638
2.080470085144043,0.48556607961654663,4,5648
2.0929059982299805,0.4727576673030853,4,5658
2.1598081588745117,0.5011170506477356,4,5668
2.2275896072387695,0.49052125215530396,4,5678
2.2060177326202393,0.48184841871261597,4,5688
2.0396008491516113,0.4848640561103821,4,5698
2.117440700531006,0.513073742389679,4,5708
1.8090484142303467,0.5056775808334351,4,5718
1.952284574508667,0.49741750955581665,4,5728
2.072087526321411,0.5137790441513062,4,5738
1.8975865840911865,0.5256873369216919,4,5748
2.1163227558135986,0.5432517528533936,4,5758
1.9919601678848267,0.49981051683425903,4,5768
2.0097153186798096,0.4964214563369751,4,5778
1.9807922840118408,0.5294796228408813,4,5788
1.9791384935379028,0.5233980417251587,4,5798
2.0994274616241455,0.5436704754829407,4,5808
2.1729564666748047,0.5487958192825317,4,5818
1.9511463642120361,0.5694339275360107,4,5828
1.9925966262817383,0.5322647094726562,4,5838
2.123344898223877,0.5622801184654236,4,5848
1.9258201122283936,0.544998049736023,4,5858
2.212470769882202,0.5347554683685303,4,5868
1.968413233757019,0.5194672346115112,4,5878
2.1308507919311523,0.5413315892219543,4,5888
1.9524447917938232,0.5529010891914368,4,5898
1.9771610498428345,0.5491399765014648,4,5908
1.9988476037979126,0.5253441333770752,4,5918
2.1145524978637695,0.5022379159927368,4,5928
2.107234001159668,0.5172423720359802,4,5938
1.9362659454345703,0.548244297504425,4,5948
2.0373802185058594,0.49025291204452515,4,5958
2.2424254417419434,0.5071582198143005,4,5968
2.1193861961364746,0.48098498582839966,4,5978
2.2750635147094727,0.5021558403968811,4,5988
2.401958703994751,0.5029920935630798,4,5998
1.9946976900100708,0.4877762198448181,4,6008
2.1265475749969482,0.5128440856933594,4,6018
2.167241334915161,0.4839203655719757,4,6028
2.0747194290161133,0.5114432573318481,4,6038
1.9339513778686523,0.5220799446105957,4,6048
2.1677465438842773,0.5080358982086182,4,6058
2.2221319675445557,0.5304006338119507,4,6068
1.8160779476165771,0.5105085372924805,4,6078
2.211244583129883,0.5025497078895569,4,6088
2.0797202587127686,0.5404796004295349,4,6098
2.1795711517333984,0.500491201877594,4,6108
2.1972439289093018,0.5204821825027466,4,6118
2.078531265258789,0.5274583101272583,4,6128
2.1912965774536133,0.5054683685302734,4,6138
2.0141615867614746,0.5435367822647095,4,6148
2.0314435958862305,0.5518757700920105,4,6158
2.102128267288208,0.5478314757347107,4,6168
2.215683937072754,0.5536816120147705,4,6178
2.1201682090759277,0.5233734250068665,4,6188
2.0141043663024902,0.5125521421432495,4,6198
2.322169542312622,0.514374315738678,4,6208
2.1267871856689453,0.49339380860328674,4,6218
2.035308599472046,0.48924916982650757,4,6228
2.3875956535339355,0.4776052236557007,4,6238
2.26442813873291,0.4976409375667572,4,6248
2.165703296661377,0.479877769947052,4,6258
1.973388671875,0.4894481599330902,4,6268
2.345201253890991,0.48790955543518066,4,6278
2.2346549034118652,0.4890574812889099,4,6288
2.0747411251068115,0.4701152443885803,4,6298
2.021150588989258,0.4968855679035187,4,6308
2.2152397632598877,0.5012975931167603,4,6318
2.306554079055786,0.507270336151123,4,6328
2.1084351539611816,0.5185768604278564,4,6338
2.2109389305114746,0.48038768768310547,4,6348
2.196589708328247,0.5133109092712402,4,6358
2.2393460273742676,0.5235145688056946,5,6360
2.091442584991455,0.5054340362548828,5,6370
2.257636308670044,0.4873824119567871,5,6380
2.0154342651367188,0.5281894207000732,5,6390
2.151165008544922,0.5298919677734375,5,6400
2.028067111968994,0.5029560923576355,5,6410
2.171673059463501,0.5271018147468567,5,6420
2.236100196838379,0.5250283479690552,5,6430
2.2262725830078125,0.4959905743598938,5,6440
2.247018814086914,0.5111337900161743,5,6450
2.4787395000457764,0.5198379755020142,5,6460
2.1924493312835693,0.5192042589187622,5,6470
2.0966897010803223,0.5052967667579651,5,6480
2.168647050857544,0.5004506707191467,5,6490
2.0525310039520264,0.5435929298400879,5,6500
2.209407329559326,0.5184383392333984,5,6510
2.1340363025665283,0.4976990222930908,5,6520
2.3351612091064453,0.5375577211380005,5,6530
2.1716761589050293,0.5081170797348022,5,6540
2.220914363861084,0.5027079582214355,5,6550
2.200869560241699,0.5418983101844788,5,6560
2.0878376960754395,0.5147488117218018,5,6570
2.2551021575927734,0.5618396997451782,5,6580
2.1882896423339844,0.5450325608253479,5,6590
2.114839553833008,0.553945779800415,5,6600
1.9145199060440063,0.569961428642273,5,6610
2.240208625793457,0.5687835216522217,5,6620
2.1626086235046387,0.5468626022338867,5,6630
2.2005186080932617,0.5397220253944397,5,6640
2.139589786529541,0.5542067289352417,5,6650
2.1599950790405273,0.5530997514724731,5,6660
2.0279078483581543,0.5616245269775391,5,6670
2.161947011947632,0.5618462562561035,5,6680
2.0146312713623047,0.565132737159729,5,6690
2.011455535888672,0.5719447135925293,5,6700
2.0199379920959473,0.591341495513916,5,6710
2.007581949234009,0.577118992805481,5,6720
2.151376247406006,0.5847289562225342,5,6730
2.153094530105591,0.553952693939209,5,6740
2.1284737586975098,0.5412416458129883,5,6750
2.081669807434082,0.5585958957672119,5,6760
2.0421230792999268,0.5251731276512146,5,6770
2.1955881118774414,0.5171253681182861,5,6780
1.985649585723877,0.5748080015182495,5,6790
1.9607222080230713,0.5512735843658447,5,6800
1.9550631046295166,0.5388613343238831,5,6810
2.2634339332580566,0.5534673929214478,5,6820
2.2547543048858643,0.5658974647521973,5,6830
2.271533966064453,0.5631301403045654,5,6840
2.0988805294036865,0.5460108518600464,5,6850
2.0955898761749268,0.5489205121994019,5,6860
2.202211856842041,0.5783007740974426,5,6870
2.0865068435668945,0.5343143939971924,5,6880
1.9639183282852173,0.5668752789497375,5,6890
2.061945915222168,0.5214414596557617,5,6900
2.1255784034729004,0.5324475169181824,5,6910
2.099580764770508,0.5338108539581299,5,6920
2.1421916484832764,0.533195972442627,5,6930
2.283992052078247,0.5434170961380005,5,6940
2.193051815032959,0.5519611835479736,5,6950
2.1426455974578857,0.5273325443267822,5,6960
2.073512315750122,0.5223946571350098,5,6970
2.006897211074829,0.5293868780136108,5,6980
2.3827528953552246,0.5162468552589417,5,6990
2.2138586044311523,0.5215189456939697,5,7000
2.253167152404785,0.5289090275764465,5,7010
2.179880142211914,0.5145680904388428,5,7020
2.2268126010894775,0.5238766670227051,5,7030
2.086289882659912,0.5429863333702087,5,7040
2.258058786392212,0.561177134513855,5,7050
2.1214780807495117,0.5317085981369019,5,7060
2.3020455837249756,0.5395320057868958,5,7070
2.0208306312561035,0.5356533527374268,5,7080
2.1360714435577393,0.5409741401672363,5,7090
2.2125401496887207,0.5233035087585449,5,7100
2.0158324241638184,0.5517898797988892,5,7110
2.190279483795166,0.5306947231292725,5,7120
2.1827175617218018,0.5485994815826416,5,7130
2.0754849910736084,0.5416945219039917,5,7140
2.1821043491363525,0.5190151929855347,5,7150
2.1154162883758545,0.5447008609771729,5,7160
1.9114229679107666,0.5306257009506226,5,7170
2.0646438598632812,0.5456366539001465,5,7180
1.9537986516952515,0.5293327569961548,5,7190
2.1714775562286377,0.5425728559494019,5,7200
2.079751968383789,0.5435134172439575,5,7210
2.0409440994262695,0.5433220863342285,5,7220
2.194755792617798,0.5615158081054688,5,7230
2.297551393508911,0.5334495306015015,5,7240
2.2852110862731934,0.5620265007019043,5,7250
2.037956714630127,0.524529218673706,5,7260
1.9237923622131348,0.5687610507011414,5,7270
2.232130289077759,0.5680423974990845,5,7280
1.9765197038650513,0.5525564551353455,5,7290
2.212482452392578,0.5687148571014404,5,7300
2.09661865234375,0.5700933337211609,5,7310
2.0831851959228516,0.5486131906509399,5,7320
2.050262451171875,0.5759525299072266,5,7330
2.0559868812561035,0.5584161281585693,5,7340
1.946914553642273,0.5663937926292419,5,7350
2.1310300827026367,0.5577222108840942,5,7360
1.8572561740875244,0.576246976852417,5,7370
1.9956907033920288,0.6189334392547607,5,7380
2.0118489265441895,0.5666294097900391,5,7390
1.9492554664611816,0.587875485420227,5,7400
2.1683943271636963,0.5740043520927429,5,7410
2.1108527183532715,0.5567015409469604,5,7420
2.001242160797119,0.5159775018692017,5,7430
2.2599892616271973,0.5146748423576355,5,7440
2.2369937896728516,0.5509985089302063,5,7450
2.088956117630005,0.5596017241477966,5,7460
1.974130630493164,0.5249001383781433,5,7470
2.207839012145996,0.5495567321777344,5,7480
2.289543628692627,0.5354118943214417,5,7490
2.1712443828582764,0.5867834091186523,5,7500
1.8847675323486328,0.5664917826652527,5,7510
2.0344882011413574,0.5556744337081909,5,7520
2.1038687229156494,0.5520598292350769,5,7530
2.0902938842773438,0.5405266880989075,5,7540
2.108828544616699,0.5194149017333984,5,7550
2.0323262214660645,0.5309253334999084,5,7560
2.1767115592956543,0.5363562107086182,5,7570
2.1195578575134277,0.5392618179321289,5,7580
2.1251184940338135,0.5212482213973999,5,7590
2.0392088890075684,0.5640440583229065,5,7600
2.2317006587982178,0.5512912273406982,5,7610
2.234461784362793,0.519460141658783,5,7620
2.267059564590454,0.5136834979057312,5,7630
2.2116801738739014,0.5389611721038818,6,7632
1.994412899017334,0.5391712188720703,6,7642
2.097642421722412,0.5397207140922546,6,7652
2.217562198638916,0.5502610802650452,6,7662
2.2199254035949707,0.5562610626220703,6,7672
2.094388008117676,0.5620819926261902,6,7682
2.111898899078369,0.5484377145767212,6,7692
2.1178488731384277,0.5488097667694092,6,7702
2.1755495071411133,0.5717605948448181,6,7712
2.146324396133423,0.5462883710861206,6,7722
2.067565441131592,0.5350319743156433,6,7732
2.1631271839141846,0.5381234884262085,6,7742
2.112684488296509,0.5359762907028198,6,7752
1.9833186864852905,0.5436331033706665,6,7762
2.1876180171966553,0.5236270427703857,6,7772
2.0361533164978027,0.5349380970001221,6,7782
1.9066704511642456,0.5378835201263428,6,7792
2.0111732482910156,0.5690722465515137,6,7802
2.1153273582458496,0.524611234664917,6,7812
2.148736000061035,0.5558027029037476,6,7822
2.016738176345825,0.5539706945419312,6,7832
2.0297152996063232,0.5674479007720947,6,7842
2.0624454021453857,0.5499691963195801,6,7852
2.0764102935791016,0.5633446574211121,6,7862
1.9106075763702393,0.5586832165718079,6,7872
2.0972585678100586,0.5738486051559448,6,7882
2.056859016418457,0.5575076937675476,6,7892
2.0395588874816895,0.5444304943084717,6,7902
2.2300429344177246,0.5329869389533997,6,7912
1.9713903665542603,0.5252665281295776,6,7922
2.007216453552246,0.5600234270095825,6,7932
2.1414730548858643,0.5656827688217163,6,7942
2.0506362915039062,0.5727024674415588,6,7952
2.0196516513824463,0.594386100769043,6,7962
2.053361654281616,0.5931018590927124,6,7972
2.0861027240753174,0.5883477926254272,6,7982
1.9508548974990845,0.592766523361206,6,7992
2.058823347091675,0.6453853845596313,6,8002
2.073991298675537,0.5846843719482422,6,8012
1.9278274774551392,0.5840712785720825,6,8022
2.0329651832580566,0.5865433812141418,6,8032
2.130493640899658,0.6223145723342896,6,8042
2.056722402572632,0.5716602802276611,6,8052
2.0644679069519043,0.5903569459915161,6,8062
2.076876401901245,0.6211972832679749,6,8072
2.0585150718688965,0.6035617589950562,6,8082
2.0053281784057617,0.6369510889053345,6,8092
1.8632675409317017,0.6260639429092407,6,8102
2.065607786178589,0.6450338363647461,6,8112
1.8043254613876343,0.6199941635131836,6,8122
1.99623703956604,0.612190306186676,6,8132
2.1521191596984863,0.6153857707977295,6,8142
1.9194626808166504,0.6053862571716309,6,8152
2.165891408920288,0.6389124989509583,6,8162
1.965242624282837,0.5633701086044312,6,8172
1.9345533847808838,0.5738286375999451,6,8182
2.0079174041748047,0.5626819729804993,6,8192
2.0808801651000977,0.5716991424560547,6,8202
2.0219149589538574,0.5396384000778198,6,8212
2.206972122192383,0.5811163187026978,6,8222
1.8758025169372559,0.603390097618103,6,8232
2.071150541305542,0.5959452390670776,6,8242
1.9414935111999512,0.5953048467636108,6,8252
1.8277063369750977,0.6667931079864502,6,8262
2.0111582279205322,0.6251682043075562,6,8272
2.1322078704833984,0.5966577529907227,6,8282
2.0401782989501953,0.6284595727920532,6,8292
2.086413621902466,0.5687545537948608,6,8302
2.124145746231079,0.5919133424758911,6,8312
1.9508252143859863,0.5881873369216919,6,8322
2.144916534423828,0.5743191242218018,6,8332
1.9154491424560547,0.544990062713623,6,8342
2.121997833251953,0.553197979927063,6,8352
2.353639602661133,0.5662240386009216,6,8362
2.051208019256592,0.5230156183242798,6,8372
2.108816623687744,0.5490127801895142,6,8382
2.0808961391448975,0.4933375120162964,6,8392
2.1975696086883545,0.5360300540924072,6,8402
2.249415874481201,0.5225827693939209,6,8412
2.1891555786132812,0.5639448761940002,6,8422
2.1725542545318604,0.5186017751693726,6,8432
2.1804380416870117,0.5527006387710571,6,8442
2.162785768508911,0.5601184368133545,6,8452
2.187382459640503,0.5333809852600098,6,8462
2.0091488361358643,0.5571091175079346,6,8472
2.1867566108703613,0.5619406700134277,6,8482
2.3144149780273438,0.5441654920578003,6,8492
2.0512075424194336,0.5369094610214233,6,8502
2.1862292289733887,0.5162879824638367,6,8512
2.0390257835388184,0.5547983646392822,6,8522
2.165257453918457,0.5444519519805908,6,8532
2.080047845840454,0.5577595233917236,6,8542
1.842393398284912,0.5675519108772278,6,8552
2.0534870624542236,0.5825315713882446,6,8562
2.097398519515991,0.5151090621948242,6,8572
2.135540723800659,0.563353419303894,6,8582
2.066192150115967,0.575060248374939,6,8592
1.8716700077056885,0.5466939806938171,6,8602
2.264859676361084,0.5699299573898315,6,8612
2.0089049339294434,0.5713216066360474,6,8622
2.142181634902954,0.5503084063529968,6,8632
2.107546329498291,0.5455249547958374,6,8642
2.1692662239074707,0.5722388625144958,6,8652
2.2218058109283447,0.6414476037025452,6,8662
2.3385496139526367,0.59201580286026,6,8672
2.1065444946289062,0.5820919275283813,6,8682
2.0640718936920166,0.5754888653755188,6,8692
2.181671380996704,0.5860316753387451,6,8702
1.9698309898376465,0.6155268549919128,6,8712
1.9416927099227905,0.589810848236084,6,8722
2.1282825469970703,0.6183423399925232,6,8732
1.994580626487732,0.6278189420700073,6,8742
2.0415468215942383,0.5974634885787964,6,8752
2.136946439743042,0.6453287601470947,6,8762
2.192857503890991,0.617524266242981,6,8772
2.0880019664764404,0.6395435333251953,6,8782
2.126523494720459,0.6277170181274414,6,8792
2.1650924682617188,0.620134711265564,6,8802
1.8898987770080566,0.6393264532089233,6,8812
2.1024346351623535,0.6519097089767456,6,8822
2.0924947261810303,0.634568452835083,6,8832
1.888645887374878,0.6269965171813965,6,8842
1.8709590435028076,0.6227527856826782,6,8852
2.2049789428710938,0.6544806361198425,6,8862
2.1924819946289062,0.6714717745780945,6,8872
2.1301794052124023,0.6505811214447021,6,8882
2.087221622467041,0.6454479098320007,6,8892
2.025561571121216,0.6415764093399048,6,8902
1.8356515169143677,0.686562180519104,7,8904
1.9527666568756104,0.6641623377799988,7,8914
1.9700332880020142,0.6652001142501831,7,8924
1.9533212184906006,0.6796432137489319,7,8934
1.9372472763061523,0.6530836820602417,7,8944
2.037982940673828,0.638914942741394,7,8954
1.8898594379425049,0.6281623840332031,7,8964
1.9573702812194824,0.6248743534088135,7,8974
2.0445170402526855,0.6309809684753418,7,8984
1.932240605354309,0.6201001405715942,7,8994
2.1273393630981445,0.6285760998725891,7,9004
2.136312484741211,0.6233328580856323,7,9014
1.93768310546875,0.6346174478530884,7,9024
1.8438893556594849,0.6488262414932251,7,9034
1.882951259613037,0.6765029430389404,7,9044
1.7934041023254395,0.6776514649391174,7,9054
1.825148582458496,0.6747283935546875,7,9064
1.9355220794677734,0.6761441826820374,7,9074
1.8802340030670166,0.6734768152236938,7,9084
2.0566701889038086,0.6990301609039307,7,9094
2.0850272178649902,0.6895719766616821,7,9104
1.9743881225585938,0.7023674845695496,7,9114
1.9521751403808594,0.7104478478431702,7,9124
2.022867441177368,0.7275035977363586,7,9134
2.0326571464538574,0.7433003187179565,7,9144
1.952288269996643,0.7044682502746582,7,9154
1.8744604587554932,0.7226772308349609,7,9164
2.0055835247039795,0.6906533241271973,7,9174
1.9077763557434082,0.7070971727371216,7,9184
1.7522201538085938,0.744530439376831,7,9194
1.8838627338409424,0.7372899055480957,7,9204
1.754120945930481,0.7072514295578003,7,9214
2.008244037628174,0.7629889249801636,7,9224
1.68284010887146,0.7019044160842896,7,9234
1.869873285293579,0.7476453185081482,7,9244
1.8727810382843018,0.6985956430435181,7,9254
1.8423492908477783,0.7285048961639404,7,9264
1.964285135269165,0.7019152045249939,7,9274
1.8694207668304443,0.7021355628967285,7,9284
1.9533079862594604,0.7543180584907532,7,9294
2.0425047874450684,0.7381241321563721,7,9304
1.784917950630188,0.7996233701705933,7,9314
1.8234248161315918,0.7436643838882446,7,9324
1.9293938875198364,0.7699241638183594,7,9334
1.7462342977523804,0.7567589282989502,7,9344
1.9066482782363892,0.7623206377029419,7,9354
1.997796893119812,0.7518433332443237,7,9364
1.8379379510879517,0.7161857485771179,7,9374
1.7382516860961914,0.7046517133712769,7,9384
1.9611778259277344,0.6755717992782593,7,9394
2.078591823577881,0.7082288265228271,7,9404
2.0175349712371826,0.6474846601486206,7,9414
1.9884899854660034,0.6561094522476196,7,9424
1.9996142387390137,0.6185217499732971,7,9434
1.9779508113861084,0.6219778060913086,7,9444
1.9582880735397339,0.5995520353317261,7,9454
1.8986256122589111,0.6333272457122803,7,9464
2.0437722206115723,0.630387008190155,7,9474
1.9205962419509888,0.6401842832565308,7,9484
1.8666977882385254,0.6333973407745361,7,9494
1.8708800077438354,0.604886531829834,7,9504
1.930912733078003,0.5998182892799377,7,9514
2.136373519897461,0.6022299528121948,7,9524
2.098440170288086,0.5813408493995667,7,9534
2.2709860801696777,0.5783387422561646,7,9544
2.1098721027374268,0.5952313542366028,7,9554
1.945068597793579,0.573917031288147,7,9564
1.9793180227279663,0.5622570514678955,7,9574
2.1560134887695312,0.5341887474060059,7,9584
2.0872225761413574,0.5479409694671631,7,9594
2.088277816772461,0.6084667444229126,7,9604
2.164337635040283,0.5516281127929688,7,9614
2.16317081451416,0.5464416146278381,7,9624
1.9906917810440063,0.5647667646408081,7,9634
2.0858213901519775,0.5389949679374695,7,9644
2.0790367126464844,0.5387713313102722,7,9654
1.952773094177246,0.5565682649612427,7,9664
2.024746894836426,0.5671936273574829,7,9674
2.2955079078674316,0.5552587509155273,7,9684
2.1652517318725586,0.5512640476226807,7,9694
1.8783693313598633,0.5619590282440186,7,9704
2.0589818954467773,0.5832094550132751,7,9714
2.2146825790405273,0.5678260326385498,7,9724
1.917952060699463,0.5674443244934082,7,9734
2.0196785926818848,0.595550537109375,7,9744
2.169410228729248,0.6102195382118225,7,9754
1.8139232397079468,0.606928288936615,7,9764
2.188438892364502,0.5962496399879456,7,9774
2.0490169525146484,0.6233364343643188,7,9784
2.0910465717315674,0.6158931851387024,7,9794
2.0317203998565674,0.636207640171051,7,9804
1.9896076917648315,0.6344388723373413,7,9814
2.0533525943756104,0.6510192155838013,7,9824
1.9106299877166748,0.6721939444541931,7,9834
1.8564951419830322,0.6271961331367493,7,9844
2.0021605491638184,0.6610013246536255,7,9854
2.016350746154785,0.6502496600151062,7,9864
1.9094914197921753,0.6464821100234985,7,9874
1.9182319641113281,0.6600043773651123,7,9884
1.9442360401153564,0.6875870823860168,7,9894
2.0400495529174805,0.6704707145690918,7,9904
1.8638321161270142,0.7056867480278015,7,9914
1.8377764225006104,0.689677357673645,7,9924
1.9205071926116943,0.7117499709129333,7,9934
1.8618075847625732,0.6995947957038879,7,9944
1.8999422788619995,0.7027542591094971,7,9954
2.044301748275757,0.7253482341766357,7,9964
1.6620802879333496,0.7513455748558044,7,9974
1.8638957738876343,0.7524851560592651,7,9984
1.9632588624954224,0.728543221950531,7,9994
1.964821219444275,0.7062256336212158,7,10004
1.769784688949585,0.7173427939414978,7,10014
1.8207600116729736,0.7285496592521667,7,10024
2.178755283355713,0.7448926568031311,7,10034
1.8517961502075195,0.7153122425079346,7,10044
1.8941653966903687,0.6841036081314087,7,10054
1.8051464557647705,0.674284815788269,7,10064
1.8210116624832153,0.6984997391700745,7,10074
1.8972742557525635,0.7127416133880615,7,10084
2.0005884170532227,0.7159554362297058,7,10094
2.0450429916381836,0.7274861931800842,7,10104
1.9823596477508545,0.713069498538971,7,10114
1.97696852684021,0.7054259181022644,7,10124
1.79318106174469,0.696340799331665,7,10134
1.876053810119629,0.7051206231117249,7,10144
1.9592533111572266,0.6934583187103271,7,10154
2.052933931350708,0.7022579908370972,7,10164
1.9581310749053955,0.7241991758346558,7,10174
1.9192407131195068,0.7295002937316895,8,10176
2.026177167892456,0.7547487616539001,8,10186
1.9611480236053467,0.7254378795623779,8,10196
1.82848060131073,0.7199873924255371,8,10206
1.9102150201797485,0.6974604725837708,8,10216
1.7915219068527222,0.7625349760055542,8,10226
1.8006905317306519,0.7599456310272217,8,10236
1.754434585571289,0.7438805103302002,8,10246
2.0054330825805664,0.7424002885818481,8,10256
1.5858837366104126,0.7185754776000977,8,10266
1.6808841228485107,0.7584418058395386,8,10276
2.0455894470214844,0.7516299486160278,8,10286
1.7366437911987305,0.7453510761260986,8,10296
1.8126872777938843,0.7627418041229248,8,10306
2.047612190246582,0.747291088104248,8,10316
1.9240297079086304,0.817401111125946,8,10326
1.8357869386672974,0.7524228096008301,8,10336
2.0582010746002197,0.7621248364448547,8,10346
1.890394687652588,0.7436904311180115,8,10356
1.813016653060913,0.7533473968505859,8,10366
1.86418879032135,0.7390512228012085,8,10376
1.9175993204116821,0.7603892087936401,8,10386
1.7388336658477783,0.7722214460372925,8,10396
1.794001579284668,0.7774542570114136,8,10406
1.8599088191986084,0.7799955606460571,8,10416
1.8262907266616821,0.755588173866272,8,10426
1.7775381803512573,0.7897698283195496,8,10436
1.897413730621338,0.7360783219337463,8,10446
2.029980421066284,0.7651065587997437,8,10456
1.8095135688781738,0.7339458465576172,8,10466
1.9048484563827515,0.7859017252922058,8,10476
1.875767469406128,0.7599908709526062,8,10486
1.7082760334014893,0.7775341868400574,8,10496
1.9499621391296387,0.7721433639526367,8,10506
1.6724358797073364,0.7671629190444946,8,10516
1.9951525926589966,0.7846685647964478,8,10526
2.0062389373779297,0.7814275026321411,8,10536
1.9166465997695923,0.733296275138855,8,10546
1.8019012212753296,0.7309520244598389,8,10556
1.7191221714019775,0.7515805959701538,8,10566
1.8659250736236572,0.7283028364181519,8,10576
1.7849966287612915,0.7141804695129395,8,10586
1.7038066387176514,0.7384179830551147,8,10596
1.9235059022903442,0.7175298929214478,8,10606
1.7567061185836792,0.7270397543907166,8,10616
1.933274507522583,0.7333365082740784,8,10626
1.8358795642852783,0.7040604948997498,8,10636
1.9120832681655884,0.6541803479194641,8,10646
1.9230130910873413,0.6985411643981934,8,10656
2.0165419578552246,0.6841769218444824,8,10666
1.9499298334121704,0.6833199262619019,8,10676
2.0351340770721436,0.6941059827804565,8,10686
2.1344382762908936,0.6313494443893433,8,10696
1.8730788230895996,0.6641913056373596,8,10706
2.0671422481536865,0.6340059041976929,8,10716
2.048337459564209,0.6317483186721802,8,10726
1.8009380102157593,0.6602948904037476,8,10736
1.9342167377471924,0.645632803440094,8,10746
2.108351707458496,0.6545331478118896,8,10756
1.8972382545471191,0.6408318877220154,8,10766
2.0834922790527344,0.6639342308044434,8,10776
2.029453754425049,0.6775146722793579,8,10786
1.9049482345581055,0.6435201168060303,8,10796
1.9921867847442627,0.5971704721450806,8,10806
2.104335069656372,0.625163197517395,8,10816
1.9769484996795654,0.6253399848937988,8,10826
2.086575984954834,0.6048883199691772,8,10836
1.8593746423721313,0.5918666124343872,8,10846
2.0500502586364746,0.5825211405754089,8,10856
2.0181963443756104,0.6118696928024292,8,10866
2.0560379028320312,0.5939396023750305,8,10876
1.9033504724502563,0.5833032727241516,8,10886
2.1020517349243164,0.5913214683532715,8,10896
2.075076103210449,0.6128113865852356,8,10906
2.209348678588867,0.5879359841346741,8,10916
1.936602234840393,0.6189253926277161,8,10926
2.037754774093628,0.6247209906578064,8,10936
2.0062029361724854,0.6367203593254089,8,10946
1.932658314704895,0.6510937213897705,8,10956
1.9911515712738037,0.6475939750671387,8,10966
1.8061561584472656,0.6487229466438293,8,10976
1.8204883337020874,0.6668891310691833,8,10986
2.042870044708252,0.6572641134262085,8,10996
1.9464895725250244,0.6906731128692627,8,11006
1.8112701177597046,0.6726715564727783,8,11016
1.8089812994003296,0.6838696002960205,8,11026
1.8309755325317383,0.666192889213562,8,11036
1.844254970550537,0.6753723621368408,8,11046
2.0163700580596924,0.7102956175804138,8,11056
1.9068715572357178,0.6994209289550781,8,11066
1.7466950416564941,0.711480975151062,8,11076
1.8113569021224976,0.7063741683959961,8,11086
1.9473193883895874,0.6951146721839905,8,11096
1.779383897781372,0.756868839263916,8,11106
1.817821741104126,0.7154493927955627,8,11116
1.7857862710952759,0.7281004190444946,8,11126
1.8872337341308594,0.7221910357475281,8,11136
1.9615675210952759,0.7231099605560303,8,11146
1.8786582946777344,0.750627875328064,8,11156
1.8359451293945312,0.6779816150665283,8,11166
2.0211734771728516,0.7357385754585266,8,11176
1.939316749572754,0.7090209722518921,8,11186
1.9195324182510376,0.7051364779472351,8,11196
1.783064365386963,0.6936147212982178,8,11206
1.815085768699646,0.6960361003875732,8,11216
1.8611167669296265,0.7413639426231384,8,11226
1.7633278369903564,0.7264886498451233,8,11236
1.9517605304718018,0.7392204999923706,8,11246
1.751270055770874,0.7488572597503662,8,11256
1.6743459701538086,0.7293620109558105,8,11266
2.009974479675293,0.7547380328178406,8,11276
1.759530782699585,0.7791482210159302,8,11286
1.9075453281402588,0.728384256362915,8,11296
1.8192346096038818,0.7461423873901367,8,11306
1.8094898462295532,0.7640706300735474,8,11316
1.81881582736969,0.7737164497375488,8,11326
1.8506042957305908,0.7666478157043457,8,11336
1.8820531368255615,0.7843472957611084,8,11346
1.8358806371688843,0.8031051158905029,8,11356
1.7917531728744507,0.7813301086425781,8,11366
1.978670358657837,0.7621716260910034,8,11376
1.934987187385559,0.7864488363265991,8,11386
1.8585162162780762,0.7969210147857666,8,11396
1.7125389575958252,0.7808546423912048,8,11406
1.928545594215393,0.7793248295783997,8,11416
1.8034892082214355,0.75859534740448,8,11426
1.883884072303772,0.7790770530700684,8,11436
1.7778056859970093,0.788863480091095,8,11446
1.9002783298492432,0.7494711875915527,9,11448
1.9356865882873535,0.7824118137359619,9,11458
1.8469712734222412,0.7881685495376587,9,11468
1.8663567304611206,0.8161770105361938,9,11478
1.6510854959487915,0.7929904460906982,9,11488
1.6994988918304443,0.7975488901138306,9,11498
1.785744309425354,0.8101474642753601,9,11508
1.7553257942199707,0.8018437027931213,9,11518
1.914494514465332,0.8417531251907349,9,11528
1.7208540439605713,0.8096356391906738,9,11538
1.6276490688323975,0.8012294769287109,9,11548
1.7700026035308838,0.7815849781036377,9,11558
1.8255053758621216,0.795151948928833,9,11568
2.0743632316589355,0.83603435754776,9,11578
1.9130618572235107,0.7984590530395508,9,11588
1.6464035511016846,0.8183713555335999,9,11598
1.6640775203704834,0.8140047788619995,9,11608
1.867216944694519,0.8011767268180847,9,11618
1.8169499635696411,0.8332803249359131,9,11628
1.6815756559371948,0.8628054261207581,9,11638
1.864079236984253,0.8535493612289429,9,11648
1.567518711090088,0.9048240184783936,9,11658
1.6957459449768066,0.8776866793632507,9,11668
1.858346700668335,0.927127480506897,9,11678
1.7950356006622314,0.9318905472755432,9,11688
1.5574817657470703,0.929058849811554,9,11698
1.5356128215789795,0.9387060403823853,9,11708
1.555605173110962,0.8938941955566406,9,11718
1.7109122276306152,0.8505970239639282,9,11728
1.5902559757232666,0.8738671541213989,9,11738
1.603083848953247,0.8675544857978821,9,11748
1.6249473094940186,0.8613074421882629,9,11758
1.5707815885543823,0.8548367023468018,9,11768
1.6348985433578491,0.856576681137085,9,11778
1.693713903427124,0.8775728940963745,9,11788
1.659684658050537,0.8918577432632446,9,11798
1.6836146116256714,0.8740247488021851,9,11808
1.6257696151733398,0.890470027923584,9,11818
1.6019959449768066,0.8687375783920288,9,11828
1.5652658939361572,0.8425064086914062,9,11838
1.4995697736740112,0.913730263710022,9,11848
1.4774404764175415,0.8594073057174683,9,11858
1.7883875370025635,0.8559896349906921,9,11868
1.5201008319854736,0.8989989161491394,9,11878
1.5610154867172241,0.8762654662132263,9,11888
1.4954181909561157,0.8696138858795166,9,11898
1.627029299736023,0.9182027578353882,9,11908
1.429797887802124,0.9139115214347839,9,11918
1.7030762434005737,0.9009039402008057,9,11928
1.4677599668502808,0.8924164772033691,9,11938
1.5125510692596436,0.8754560947418213,9,11948
1.4870926141738892,0.8684649467468262,9,11958
1.4049592018127441,0.9411731958389282,9,11968
1.5139247179031372,0.8776074051856995,9,11978
1.5933220386505127,0.8879114389419556,9,11988
1.5022978782653809,0.8806995153427124,9,11998
1.5508378744125366,0.8491079807281494,9,12008
1.4111385345458984,0.8931024074554443,9,12018
1.5227258205413818,0.878943920135498,9,12028
1.5457043647766113,0.849107563495636,9,12038
1.4978135824203491,0.881483256816864,9,12048
1.4983470439910889,0.8872363567352295,9,12058
1.3126530647277832,0.8767967224121094,9,12068
1.3724963665008545,0.9289572834968567,9,12078
1.3764277696609497,0.9096270799636841,9,12088
1.2812514305114746,0.9078602194786072,9,12098
1.447921872138977,0.8913768529891968,9,12108
1.5566020011901855,0.9071462154388428,9,12118
1.465837836265564,0.9167734384536743,9,12128
1.4726154804229736,0.9177681803703308,9,12138
1.4995050430297852,0.869369626045227,9,12148
1.413748025894165,0.8885759711265564,9,12158
1.4357763528823853,0.8751071691513062,9,12168
1.4793109893798828,0.8412158489227295,9,12178
1.4195895195007324,0.8242186307907104,9,12188
1.4267826080322266,0.8240196704864502,9,12198
1.2470389604568481,0.8192436695098877,9,12208
1.6131912469863892,0.8609992265701294,9,12218
1.4778610467910767,0.8488216996192932,9,12228
1.6344496011734009,0.828597903251648,9,12238
1.3994866609573364,0.8702305555343628,9,12248
1.2663795948028564,0.8564754724502563,9,12258
1.5280643701553345,0.8794723749160767,9,12268
1.5848643779754639,0.8832733035087585,9,12278
1.3630650043487549,0.8835772275924683,9,12288
1.6241306066513062,0.8796336054801941,9,12298
1.3682293891906738,0.8585628271102905,9,12308
1.408768653869629,0.8970004916191101,9,12318
1.3641698360443115,0.9056674242019653,9,12328
1.3627066612243652,0.8931504487991333,9,12338
1.3302452564239502,0.8744946122169495,9,12348
1.2857218980789185,0.9015964865684509,9,12358
1.555152416229248,0.9222375154495239,9,12368
1.3663346767425537,0.8793628215789795,9,12378
1.4755100011825562,0.918222963809967,9,12388
1.3215773105621338,0.8985950946807861,9,12398
1.4811780452728271,0.9199697971343994,9,12408
1.458317518234253,0.9066519737243652,9,12418
1.3440483808517456,0.8997511267662048,9,12428
1.321789026260376,0.9074057340621948,9,12438
1.47281813621521,0.9271918535232544,9,12448
1.3269529342651367,0.9006673693656921,9,12458
1.5646432638168335,0.9252984523773193,9,12468
1.3684139251708984,0.9430590867996216,9,12478
1.6058048009872437,0.9323474168777466,9,12488
1.2433208227157593,0.9465348124504089,9,12498
1.3588178157806396,0.9110993146896362,9,12508
1.3649251461029053,0.9297252893447876,9,12518
1.417335033416748,0.9410353899002075,9,12528
1.3949812650680542,0.8868900537490845,9,12538
1.3688464164733887,0.8790989518165588,9,12548
1.2740272283554077,0.908261775970459,9,12558
1.4618371725082397,0.9197617769241333,9,12568
1.4848285913467407,0.926170289516449,9,12578
1.2922894954681396,0.9250363111495972,9,12588
1.4552778005599976,0.9367209076881409,9,12598
1.3686118125915527,0.9347819089889526,9,12608
1.457320213317871,0.8839751482009888,9,12618
1.4421532154083252,0.881125807762146,9,12628
1.4701719284057617,0.8777400255203247,9,12638
1.4779598712921143,0.8434142470359802,9,12648
1.5052893161773682,0.8630913496017456,9,12658
1.494521141052246,0.8285655975341797,9,12668
1.5081095695495605,0.8546068668365479,9,12678
1.576197862625122,0.812562882900238,9,12688
1.7418994903564453,0.8354441523551941,9,12698
1.416365623474121,0.816459596157074,9,12708
1.2967228889465332,0.7969558238983154,9,12718
1.528507113456726,0.8588787317276001,10,12720
1.4790195226669312,0.8377244472503662,10,12730
1.6213634014129639,0.8397494554519653,10,12740
1.6767327785491943,0.822334885597229,10,12750
1.5113615989685059,0.8324470520019531,10,12760
1.5464894771575928,0.8107482194900513,10,12770
1.501510500907898,0.851158618927002,10,12780
1.5747489929199219,0.8177685737609863,10,12790
1.5552823543548584,0.8446816205978394,10,12800
1.6112334728240967,0.8328068256378174,10,12810
1.5384163856506348,0.8620902895927429,10,12820
1.4751684665679932,0.8540655970573425,10,12830
1.6079156398773193,0.8789632320404053,10,12840
1.6099560260772705,0.8649430274963379,10,12850
1.612540602684021,0.9114993810653687,10,12860
1.3614716529846191,0.9168044328689575,10,12870
1.5161484479904175,0.903261125087738,10,12880
1.4758659601211548,0.9499700665473938,10,12890
1.6049667596817017,0.9314687252044678,10,12900
1.5070416927337646,0.9076195955276489,10,12910
1.3499763011932373,0.9452059268951416,10,12920
1.525583028793335,0.9421000480651855,10,12930
1.526380181312561,0.9685910940170288,10,12940
1.3339874744415283,0.9295414090156555,10,12950
1.4532129764556885,0.9304049611091614,10,12960
1.5013999938964844,0.935126781463623,10,12970
1.7208343744277954,0.9432748556137085,10,12980
1.3747698068618774,0.9427907466888428,10,12990
1.4913873672485352,0.9219791889190674,10,13000
1.5057904720306396,0.9452306032180786,10,13010
1.4212853908538818,0.9523923397064209,10,13020
1.3899465799331665,0.9581422805786133,10,13030
1.29398512840271,1.01063871383667,10,13040
1.4270673990249634,0.9360915422439575,10,13050
1.3106359243392944,0.9508861303329468,10,13060
1.4191734790802002,0.9664269685745239,10,13070
